<?xml version="1.0" encoding="UTF-8"?>
<metadata xml:lang="en"><idinfo><native>Microsoft Windows XP Version 5.1 (Build 2600) Service Pack 3; ESRI ArcCatalog 9.2.0.1324</native><descript><abstract>State Land Use Districts with four (4) districts Urban, Agricultural, Rural, &amp; Conservation is established at the State Land Use Commission.</abstract><purpose>State Land Use District Boundaries are approximately located for informational purposes relative to Land Use Commission's documentation and or historical information.</purpose></descript><citation><citeinfo><origin>State Land Use Commission's Staff </origin><pubdate>20130221</pubdate><title>State Land Use Districts</title><geoform>vector digital data</geoform><pubtime>Unknown</pubtime><serinfo><sername>Hawaii LUDB 2011</sername></serinfo><pubinfo><pubplace>State of Hawai`i</pubplace><publish>Land Use Commission</publish></pubinfo></citeinfo></citation><timeperd><current>Publication date</current><timeinfo><sngdate><caldate>20130221</caldate></sngdate></timeinfo></timeperd><status><progress>In work</progress><update>Continually</update></status><spdom><bounding><westbc>-156.076154</westbc><eastbc>-154.787360</eastbc><northbc>20.271977</northbc><southbc>18.893348</southbc></bounding></spdom><keywords><theme><themekt>district boundaries</themekt><themekey>land use district</themekey></theme><place><placekt>hawaii</placekt><placekey>hawaii island</placekey></place></keywords><accconst>Prepared by the State Land Use Commission on the State of Hawaii's G.I.S.  The State Land Use District boundaries are merely representations for presentation purposes only.</accconst><useconst>A determination of the official State Land Use District Boundaries shall be obtained through the State Land Use Commission.  Duplication of this map or information contained within, is prohibited unless authorized by the State Land Use Comission.</useconst><ptcontac><cntinfo><cntorgp><cntorg>Land Use Commission, State of Hawai`i</cntorg></cntorgp><cntvoice>808-587-3822</cntvoice><cntfax>808-587-3827</cntfax><cntemail>luc@dbedt.hawaii.gov</cntemail></cntinfo></ptcontac></idinfo><dataIdInfo><envirDesc>Microsoft Windows XP Version 5.1 (Build 2600) Service Pack 3; ESRI ArcGIS 10.0.2.3200</envirDesc><dataLang><languageCode value="en" country="US"/><countryCode value="US"/></dataLang><idCitation><resTitle>slud_merged</resTitle><presForm><PresFormCd value="005"/></presForm></idCitation><spatRpType><SpatRepTypCd value="001"/></spatRpType><dataExt><geoEle><GeoBndBox esriExtentType="native"><westBL>807992.4184</westBL><eastBL>940278.9564</eastBL><northBL>2244326.0972</northBL><southBL>2094230.6661</southBL><exTypeCode>1</exTypeCode></GeoBndBox></geoEle></dataExt><geoBox esriExtentType="decdegrees"><westBL>-156.076154</westBL><eastBL>-154.78736</eastBL><northBL>20.271977</northBL><southBL>18.893348</southBL><exTypeCode>1</exTypeCode></geoBox><descKeys><thesaName uuidref="723f6998-058e-11dc-8314-0800200c9a66"/><keyword>002</keyword></descKeys></dataIdInfo><metainfo><metstdn>FGDC Content Standards for Digital Geospatial Metadata</metstdn><metstdv>FGDC-STD-001-1998</metstdv><mettc>local time</mettc><metd>20130221</metd><metc><cntinfo><cntorgp><cntorg>Land Use Commission, State of Hawai`i</cntorg></cntorgp><cntaddr><addrtype>REQUIRED: The mailing and/or physical address for the organization or individual.</addrtype><city>REQUIRED: The city of the address.</city><state>REQUIRED: The state or province of the address.</state><postal>REQUIRED: The ZIP or other postal code of the address.</postal></cntaddr><cntvoice>808-587-3822</cntvoice><cntfax>808-587-3827</cntfax><cntemail>luc@dbedt.hawaii.gov</cntemail></cntinfo></metc></metainfo><mdLang><languageCode value="en"/><countryCode value="US"/></mdLang><mdStanName>ISO 19115 Geographic Information - Metadata</mdStanName><mdStanVer>DIS_ESRI1.0</mdStanVer><mdChar><CharSetCd value="004"/></mdChar><mdHrLv><ScopeCd value="005"/></mdHrLv><mdHrLvName>dataset</mdHrLvName><distinfo><resdesc>Downloadable Data</resdesc><stdorder><digform><digtinfo><transize>0.000</transize></digtinfo></digform></stdorder></distinfo><distInfo><distributor><distorTran><onLineSrc><orDesc>002</orDesc><linkage>file://\\10.4.1.62\gis\Public\fred\slud_hawaii112011.shp</linkage><protocol>Local Area Network</protocol></onLineSrc><transSize>0.000</transSize></distorTran><distorFormat><formatName>Shapefile</formatName></distorFormat></distributor><distFormat><formatName>Personal GeoDatabase Feature Class</formatName></distFormat><distTranOps><transSize>0.009</transSize></distTranOps></distInfo><spdoinfo><direct>Vector</direct><ptvctinf><esriterm Name="SLUD"><efeatyp Sync="TRUE">Simple</efeatyp><efeageom code="4" Sync="TRUE"></efeageom><esritopo Sync="TRUE">FALSE</esritopo><efeacnt Sync="TRUE">0</efeacnt><spindex Sync="TRUE">TRUE</spindex><linrefer Sync="TRUE">FALSE</linrefer></esriterm></ptvctinf></spdoinfo><spref><horizsys><planar><planci><plance>coordinate pair</plance><plandu>meters</plandu><coordrep><absres>0.000000</absres><ordres>0.000000</ordres></coordrep></planci></planar><geodetic><horizdn>North American Datum of 1983</horizdn><ellips>Geodetic Reference System 80</ellips><semiaxis>6378137.000000</semiaxis><denflat>298.257222</denflat></geodetic></horizsys></spref><refSysInfo><RefSystem><refSysID><identCode code="26904">NAD_1983_UTM_Zone_4N</identCode><idCodeSpace>EPSG</idCodeSpace><idVersion>7.4.1</idVersion></refSysID></RefSystem></refSysInfo><spatRepInfo><VectSpatRep><geometObjs Name="SLUD"><geoObjTyp><GeoObjTypCd value="002" Sync="TRUE"></GeoObjTypCd></geoObjTyp><geoObjCnt Sync="TRUE">0</geoObjCnt></geometObjs><topLvl><TopoLevCd value="001" Sync="TRUE"></TopoLevCd></topLvl></VectSpatRep></spatRepInfo><eainfo><detailed Name="SLUD"><enttyp><enttypl>slud_merged</enttypl><enttypt Sync="TRUE">Feature Class</enttypt><enttypc Sync="TRUE">0</enttypc></enttyp><attr><attrlabl Sync="TRUE">OBJECTID</attrlabl><attalias Sync="TRUE">OBJECTID</attalias><attrtype Sync="TRUE">OID</attrtype><attwidth Sync="TRUE">4</attwidth><atprecis Sync="TRUE">0</atprecis><attscale Sync="TRUE">0</attscale><attrdef Sync="TRUE">Internal feature number.</attrdef><attrdefs Sync="TRUE">Esri</attrdefs><attrdomv><udom Sync="TRUE">Sequential unique whole numbers that are automatically generated.</udom></attrdomv></attr><attr><attrlabl>Shape</attrlabl><attrdef>Feature geometry.</attrdef><attrdefs>ESRI</attrdefs><attrdomv><udom>Coordinates defining the features.</udom></attrdomv><attalias Sync="TRUE">Shape</attalias><attrtype Sync="TRUE">Geometry</attrtype><attwidth Sync="TRUE">0</attwidth><atprecis Sync="TRUE">0</atprecis><attscale Sync="TRUE">0</attscale></attr><attr><attrlabl>Shape_Area</attrlabl><attrdef>Area of feature in internal units squared.</attrdef><attrdefs>ESRI</attrdefs><attrdomv><udom>Positive real numbers that are automatically generated.</udom></attrdomv><attalias Sync="TRUE">Shape_Area</attalias><attrtype Sync="TRUE">Double</attrtype><attwidth Sync="TRUE">8</attwidth><atprecis Sync="TRUE">0</atprecis><attscale Sync="TRUE">0</attscale></attr><attr><attrlabl>Shape_Leng</attrlabl><attalias Sync="TRUE">Shape_Leng</attalias><attrtype Sync="TRUE">Double</attrtype><attwidth Sync="TRUE">8</attwidth><atprecis Sync="TRUE">0</atprecis><attscale Sync="TRUE">0</attscale></attr><attr><attrlabl>LUDCODE</attrlabl><attalias Sync="TRUE">LUDCODE</attalias><attrtype Sync="TRUE">String</attrtype><attwidth Sync="TRUE">1</attwidth><atprecis Sync="TRUE">0</atprecis><attscale Sync="TRUE">0</attscale></attr><attr><attrlabl>ISLAND</attrlabl><attalias Sync="TRUE">ISLAND</attalias><attrtype Sync="TRUE">String</attrtype><attwidth Sync="TRUE">10</attwidth><atprecis Sync="TRUE">0</atprecis><attscale Sync="TRUE">0</attscale></attr><attr><attrlabl Sync="TRUE">slud_letter</attrlabl><attalias Sync="TRUE">slud_letter</attalias><attrtype Sync="TRUE">String</attrtype><attwidth Sync="TRUE">50</attwidth><atprecis Sync="TRUE">0</atprecis><attscale Sync="TRUE">0</attscale></attr><attr><attrlabl Sync="TRUE">AREA</attrlabl><attalias Sync="TRUE">AREA</attalias><attrtype Sync="TRUE">Double</attrtype><attwidth Sync="TRUE">8</attwidth><atprecis Sync="TRUE">0</atprecis><attscale Sync="TRUE">0</attscale></attr><attr><attrlabl Sync="TRUE">PERIMETER</attrlabl><attalias Sync="TRUE">PERIMETER</attalias><attrtype Sync="TRUE">Double</attrtype><attwidth Sync="TRUE">8</attwidth><atprecis Sync="TRUE">0</atprecis><attscale Sync="TRUE">0</attscale></attr><attr><attrlabl Sync="TRUE">LUDB_</attrlabl><attalias Sync="TRUE">LUDB_</attalias><attrtype Sync="TRUE">Integer</attrtype><attwidth Sync="TRUE">4</attwidth><atprecis Sync="TRUE">0</atprecis><attscale Sync="TRUE">0</attscale></attr><attr><attrlabl Sync="TRUE">LUDB_ID</attrlabl><attalias Sync="TRUE">LUDB_ID</attalias><attrtype Sync="TRUE">Integer</attrtype><attwidth Sync="TRUE">4</attwidth><atprecis Sync="TRUE">0</atprecis><attscale Sync="TRUE">0</attscale></attr><attr><attrlabl Sync="TRUE">Shape_Length</attrlabl><attalias Sync="TRUE">Shape_Length</attalias><attrtype Sync="TRUE">Double</attrtype><attwidth Sync="TRUE">8</attwidth><atprecis Sync="TRUE">0</atprecis><attscale Sync="TRUE">0</attscale><attrdef Sync="TRUE">Length of feature in internal units.</attrdef><attrdefs Sync="TRUE">Esri</attrdefs><attrdomv><udom Sync="TRUE">Positive real numbers that are automatically generated.</udom></attrdomv></attr><attr><attrlabl>Acres</attrlabl><attalias Sync="TRUE">Acres</attalias><attrtype Sync="TRUE">Double</attrtype><attwidth Sync="TRUE">8</attwidth><atprecis Sync="TRUE">0</atprecis><attscale Sync="TRUE">0</attscale></attr></detailed><detailed><enttyp><enttypl>hi_ludb82007.pat</enttypl></enttyp><attr><attrlabl>FID</attrlabl><attrdef>Internal feature number.</attrdef><attrdefs>ESRI</attrdefs><attrdomv><udom>Sequential unique whole numbers that are automatically generated.</udom></attrdomv></attr><attr><attrlabl>Shape</attrlabl><attrdef>Feature geometry.</attrdef><attrdefs>ESRI</attrdefs><attrdomv><udom>Coordinates defining the features.</udom></attrdomv></attr><attr><attrlabl>AREA</attrlabl><attrdef>Area of feature in internal units squared.</attrdef><attrdefs>ESRI</attrdefs><attrdomv><udom>Positive real numbers that are automatically generated.</udom></attrdomv></attr><attr><attrlabl>PERIMETER</attrlabl><attrdef>Perimeter of feature in internal units.</attrdef><attrdefs>ESRI</attrdefs><attrdomv><udom>Positive real numbers that are automatically generated.</udom></attrdomv></attr><attr><attrlabl>HI_LUDB82007#</attrlabl><attrdef>Internal feature number.</attrdef><attrdefs>ESRI</attrdefs><attrdomv><udom>Sequential unique whole numbers that are automatically generated.</udom></attrdomv></attr><attr><attrlabl>HI_LUDB82007-ID</attrlabl><attrdef>User-defined feature number.</attrdef><attrdefs>ESRI</attrdefs></attr><attr><attrlabl>LUDCODE</attrlabl></attr></detailed></eainfo><mdDateSt>20111109</mdDateSt><Esri><DataProperties><copyHistory><copy source="K:\Agencies\OP\00_New Data to clean and load\SLUD\slud" dest="\\10.4.1.62\gis\Data\LandUse_Ownership\State_Land_Use_District_Boundaries\sludCopy" date="20130221" time="14335800"></copy></copyHistory><lineage><Process ToolSource="c:\program files (x86)\arcgis\desktop10.1\ArcToolbox\Toolboxes\Data Management Tools.tbx\CalculateField" Date="20140324" Time="133706">CalculateField slud_2014 ISLAND "Maui" VB #</Process><Process Name="Merge (3)" ToolSource="c:\program files (x86)\arcgis\desktop10.3\ArcToolbox\Toolboxes\Data Management Tools.tbx\Merge" Date="20160223" Time="160627">Merge slud;'K:\Agencies\OP\00_New Data to clean and load\20160217 - LUC Data\Hawaii 2016 File Geodatabase.gdb\ludb2016_polygon';'K:\Agencies\OP\00_New Data to clean and load\20160217 - LUC Data\Kauai 2016 File Geodatabase.gdb\ludb2016_polygon';'K:\Agencies\OP\00_New Data to clean and load\20160217 - LUC Data\Lanai 2016 File Geodatabase.gdb\ludb2016_polygon';'K:\Agencies\OP\00_New Data to clean and load\20160217 - LUC Data\Maui 2016 File Geodatabase.gdb\ludb2016_polygon';'K:\Agencies\OP\00_New Data to clean and load\20160217 - LUC Data\Molokai 2016 File Geodatabase.gdb\ludb2016_polygon';'K:\Agencies\OP\00_New Data to clean and load\20160217 - LUC Data\Oahu 2016 File Geodatabase.gdb\ludb2016_polygon' "K:\Agencies\OP\00_New Data to clean and load\20160217 - LUC Data\LUC_Data.gdb\SLUD" "LUDCODE "LUDCODE" true true false 1 Text 0 0 ,First,#,slud,LUDCODE,-1,-1,K:\Agencies\OP\00_New Data to clean and load\20160217 - LUC Data\Hawaii 2016 File Geodatabase.gdb\ludb2016_polygon,LUDCODE,-1,-1,K:\Agencies\OP\00_New Data to clean and load\20160217 - LUC Data\Kauai 2016 File Geodatabase.gdb\ludb2016_polygon,LUDCODE,-1,-1,K:\Agencies\OP\00_New Data to clean and load\20160217 - LUC Data\Maui 2016 File Geodatabase.gdb\ludb2016_polygon,LUDCODE,-1,-1,K:\Agencies\OP\00_New Data to clean and load\20160217 - LUC Data\Molokai 2016 File Geodatabase.gdb\ludb2016_polygon,LUDCODE,-1,-1,K:\Agencies\OP\00_New Data to clean and load\20160217 - LUC Data\Oahu 2016 File Geodatabase.gdb\ludb2016_polygon,LUDCODE,-1,-1;ISLAND "ISLAND" true true false 10 Text 0 0 ,First,#,slud,ISLAND,-1,-1;Shape_Leng "Shape_Leng" true true false 19 Double 0 0 ,First,#,slud,Shape_Leng,-1,-1;Shape_Area "Shape_Area" true true false 19 Double 0 0 ,First,#,slud,Shape_Area,-1,-1,K:\Agencies\OP\00_New Data to clean and load\20160217 - LUC Data\Hawaii 2016 File Geodatabase.gdb\ludb2016_polygon,Shape_Area,-1,-1,K:\Agencies\OP\00_New Data to clean and load\20160217 - LUC Data\Kauai 2016 File Geodatabase.gdb\ludb2016_polygon,Shape_Area,-1,-1,K:\Agencies\OP\00_New Data to clean and load\20160217 - LUC Data\Lanai 2016 File Geodatabase.gdb\ludb2016_polygon,Shape_Area,-1,-1,K:\Agencies\OP\00_New Data to clean and load\20160217 - LUC Data\Maui 2016 File Geodatabase.gdb\ludb2016_polygon,Shape_Area,-1,-1,K:\Agencies\OP\00_New Data to clean and load\20160217 - LUC Data\Molokai 2016 File Geodatabase.gdb\ludb2016_polygon,Shape_Area,-1,-1,K:\Agencies\OP\00_New Data to clean and load\20160217 - LUC Data\Oahu 2016 File Geodatabase.gdb\ludb2016_polygon,Shape_Area,-1,-1;Acres "Acres" true true false 19 Double 0 0 ,First,#,slud,Acres,-1,-1;Shape_Length "Shape_Length" false true true 8 Double 0 0 ,First,#,K:\Agencies\OP\00_New Data to clean and load\20160217 - LUC Data\Hawaii 2016 File Geodatabase.gdb\ludb2016_polygon,Shape_Length,-1,-1,K:\Agencies\OP\00_New Data to clean and load\20160217 - LUC Data\Kauai 2016 File Geodatabase.gdb\ludb2016_polygon,Shape_Length,-1,-1,K:\Agencies\OP\00_New Data to clean and load\20160217 - LUC Data\Lanai 2016 File Geodatabase.gdb\ludb2016_polygon,Shape_Length,-1,-1,K:\Agencies\OP\00_New Data to clean and load\20160217 - LUC Data\Maui 2016 File Geodatabase.gdb\ludb2016_polygon,Shape_Length,-1,-1,K:\Agencies\OP\00_New Data to clean and load\20160217 - LUC Data\Molokai 2016 File Geodatabase.gdb\ludb2016_polygon,Shape_Length,-1,-1,K:\Agencies\OP\00_New Data to clean and load\20160217 - LUC Data\Oahu 2016 File Geodatabase.gdb\ludb2016_polygon,Shape_Length,-1,-1;slud_letter "slud_letter" true true false 50 Text 0 0 ,First,#,K:\Agencies\OP\00_New Data to clean and load\20160217 - LUC Data\Lanai 2016 File Geodatabase.gdb\ludb2016_polygon,slud_letter,-1,-1;AREA "AREA" true true false 8 Double 0 0 ,First,#,K:\Agencies\OP\00_New Data to clean and load\20160217 - LUC Data\Molokai 2016 File Geodatabase.gdb\ludb2016_polygon,AREA,-1,-1;PERIMETER "PERIMETER" true true false 8 Double 0 0 ,First,#,K:\Agencies\OP\00_New Data to clean and load\20160217 - LUC Data\Molokai 2016 File Geodatabase.gdb\ludb2016_polygon,PERIMETER,-1,-1;LUDB_ "LUDB_" true true false 4 Long 0 0 ,First,#,K:\Agencies\OP\00_New Data to clean and load\20160217 - LUC Data\Molokai 2016 File Geodatabase.gdb\ludb2016_polygon,LUDB_,-1,-1;LUDB_ID "LUDB_ID" true true false 4 Long 0 0 ,First,#,K:\Agencies\OP\00_New Data to clean and load\20160217 - LUC Data\Molokai 2016 File Geodatabase.gdb\ludb2016_polygon,LUDB_ID,-1,-1"</Process><Process ToolSource="c:\program files (x86)\arcgis\desktop10.3\ArcToolbox\Toolboxes\Data Management Tools.tbx\CalculateField" Date="20160224" Time="100759">CalculateField SLUD LUDCODE [slud_letter] VB #</Process><Process ToolSource="c:\program files (x86)\arcgis\desktop10.3\ArcToolbox\Toolboxes\Data Management Tools.tbx\CalculateField" Date="20160224" Time="102229">CalculateField SLUD ISLAND "Kauai" VB #</Process><Process ToolSource="c:\program files (x86)\arcgis\desktop10.3\ArcToolbox\Toolboxes\Data Management Tools.tbx\CalculateField" Date="20160224" Time="102251">CalculateField SLUD ISLAND "Oahu" VB #</Process><Process ToolSource="c:\program files (x86)\arcgis\desktop10.3\ArcToolbox\Toolboxes\Data Management Tools.tbx\CalculateField" Date="20160224" Time="102316">CalculateField SLUD ISLAND "Molokai" VB #</Process><Process ToolSource="c:\program files (x86)\arcgis\desktop10.3\ArcToolbox\Toolboxes\Data Management Tools.tbx\CalculateField" Date="20160224" Time="102334">CalculateField SLUD ISLAND "Lanai" VB #</Process><Process ToolSource="c:\program files (x86)\arcgis\desktop10.3\ArcToolbox\Toolboxes\Data Management Tools.tbx\CalculateField" Date="20160224" Time="102356">CalculateField SLUD ISLAND "Maui" VB #</Process><Process ToolSource="c:\program files (x86)\arcgis\desktop10.3\ArcToolbox\Toolboxes\Data Management Tools.tbx\CalculateField" Date="20160224" Time="102423">CalculateField SLUD ISLAND "Hawaii" VB #</Process></lineage><itemProps><itemName Sync="TRUE">SLUD</itemName><imsContentType Sync="TRUE">002</imsContentType><itemLocation><linkage Sync="TRUE">file://\\b01op-pfs1.hawaii.local\gis\Agencies\OP\00_New Data to clean and load\20160217 - LUC Data\LUC_Data.gdb</linkage><protocol Sync="TRUE">Local Area Network</protocol></itemLocation></itemProps><coordRef><type Sync="TRUE">Projected</type><geogcsn Sync="TRUE">GCS_North_American_1983</geogcsn><csUnits Sync="TRUE">Linear Unit: Meter (1.000000)</csUnits><projcsn Sync="TRUE">NAD_1983_UTM_Zone_4N</projcsn><peXml Sync="TRUE">&lt;ProjectedCoordinateSystem xsi:type='typens:ProjectedCoordinateSystem' xmlns:xsi='http://www.w3.org/2001/XMLSchema-instance' xmlns:xs='http://www.w3.org/2001/XMLSchema' xmlns:typens='http://www.esri.com/schemas/ArcGIS/10.3'&gt;&lt;WKT&gt;PROJCS[&amp;quot;NAD_1983_UTM_Zone_4N&amp;quot;,GEOGCS[&amp;quot;GCS_North_American_1983&amp;quot;,DATUM[&amp;quot;D_North_American_1983&amp;quot;,SPHEROID[&amp;quot;GRS_1980&amp;quot;,6378137.0,298.257222101]],PRIMEM[&amp;quot;Greenwich&amp;quot;,0.0],UNIT[&amp;quot;Degree&amp;quot;,0.0174532925199433]],PROJECTION[&amp;quot;Transverse_Mercator&amp;quot;],PARAMETER[&amp;quot;False_Easting&amp;quot;,500000.0],PARAMETER[&amp;quot;False_Northing&amp;quot;,0.0],PARAMETER[&amp;quot;Central_Meridian&amp;quot;,-159.0],PARAMETER[&amp;quot;Scale_Factor&amp;quot;,0.9996],PARAMETER[&amp;quot;Latitude_Of_Origin&amp;quot;,0.0],UNIT[&amp;quot;Meter&amp;quot;,1.0],AUTHORITY[&amp;quot;EPSG&amp;quot;,26904]]&lt;/WKT&gt;&lt;XOrigin&gt;-5120900&lt;/XOrigin&gt;&lt;YOrigin&gt;-9998100&lt;/YOrigin&gt;&lt;XYScale&gt;10000&lt;/XYScale&gt;&lt;ZOrigin&gt;-100000&lt;/ZOrigin&gt;&lt;ZScale&gt;10000&lt;/ZScale&gt;&lt;MOrigin&gt;-100000&lt;/MOrigin&gt;&lt;MScale&gt;10000&lt;/MScale&gt;&lt;XYTolerance&gt;0.001&lt;/XYTolerance&gt;&lt;ZTolerance&gt;0.001&lt;/ZTolerance&gt;&lt;MTolerance&gt;0.001&lt;/MTolerance&gt;&lt;HighPrecision&gt;true&lt;/HighPrecision&gt;&lt;WKID&gt;26904&lt;/WKID&gt;&lt;LatestWKID&gt;26904&lt;/LatestWKID&gt;&lt;/ProjectedCoordinateSystem&gt;</peXml></coordRef></DataProperties><CreaDate>20160229</CreaDate><CreaTime>14512700</CreaTime><ArcGISFormat>1.0</ArcGISFormat><SyncOnce>FALSE</SyncOnce><SyncDate>20160223</SyncDate><SyncTime>16060600</SyncTime><ModDate>20160223</ModDate><ModTime>16060600</ModTime><ArcGISstyle>FGDC CSDGM Metadata</ArcGISstyle></Esri><dataqual><lineage><procstep><procdesc>Dataset copied.</procdesc></procstep><procstep><procdesc>Dataset copied.</procdesc></procstep></lineage></dataqual></metadata>
